month,year,days,report_date,journey_type,journeys_millions
1,2010,31,6/30/2010,Underground & DLR,96.836391
2,2010,28,6/30/2010,Underground & DLR,90.330504
3,2010,31,6/30/2010,Underground & DLR,90.038014
4,2010,30,9/30/2010,Underground & DLR,92.544093
5,2010,31,9/30/2010,Underground & DLR,88.662911
6,2010,30,9/30/2010,Underground & DLR,86.375702
7,2010,31,12/31/2010,Underground & DLR,94.986035
8,2010,31,12/31/2010,Underground & DLR,97.024794
9,2010,30,12/31/2010,Underground & DLR,97.02964
10,2010,31,3/31/2011,Underground & DLR,77.369979
11,2010,30,3/31/2011,Underground & DLR,90.691294
12,2010,31,3/31/2011,Underground & DLR,94.256232
1,2011,31,6/30/2011,Underground & DLR,97.636772
2,2011,28,6/30/2011,Underground & DLR,94.102943
3,2011,31,6/30/2011,Underground & DLR,94.989396
4,2011,30,9/30/2011,Underground & DLR,98.906302
5,2011,31,9/30/2011,Underground & DLR,91.711009
6,2011,30,9/30/2011,Underground & DLR,91.718618
7,2011,31,12/31/2011,Underground & DLR,100.586573
8,2011,31,12/31/2011,Underground & DLR,103.131635
9,2011,30,12/31/2011,Underground & DLR,104.193673
10,2011,31,3/31/2012,Underground & DLR,84.500971
11,2011,30,3/31/2012,Underground & DLR,96.705487
12,2011,31,3/31/2012,Underground & DLR,98.464276
1,2012,31,6/30/2012,Underground & DLR,95.639307
2,2012,29,6/30/2012,Underground & DLR,99.963822
3,2012,31,6/30/2012,Underground & DLR,96.641371
4,2012,30,9/30/2012,Underground & DLR,104.835566
5,2012,31,9/30/2012,Underground & DLR,113.629053
6,2012,30,9/30/2012,Underground & DLR,102.62848
7,2012,31,12/31/2012,Underground & DLR,105.880217
8,2012,31,12/31/2012,Underground & DLR,108.393186
9,2012,30,12/31/2012,Underground & DLR,109.58717
10,2012,31,3/31/2013,Underground & DLR,84.72738
11,2012,30,3/31/2013,Underground & DLR,98.970876
12,2012,31,3/31/2013,Underground & DLR,104.252694
1,2013,31,6/30/2013,Underground & DLR,99.742751
2,2013,28,6/30/2013,Underground & DLR,105.064674
3,2013,31,6/30/2013,Underground & DLR,103.536402
4,2013,30,9/30/2013,Underground & DLR,108.844113
5,2013,31,9/30/2013,Underground & DLR,101.633104
6,2013,30,9/30/2013,Underground & DLR,98.157073
7,2013,31,12/31/2013,Underground & DLR,109.381377
8,2013,31,12/31/2013,Underground & DLR,111.972968
9,2013,30,12/31/2013,Underground & DLR,114.565174
10,2013,31,3/31/2014,Underground & DLR,90.359862
11,2013,30,3/31/2014,Underground & DLR,104.594048
12,2013,31,3/31/2014,Underground & DLR,102.576852
1,2014,31,6/30/2014,Underground & DLR,96.357471
2,2014,28,6/30/2014,Underground & DLR,100.521703
3,2014,31,6/30/2014,Underground & DLR,106.492343
4,2014,30,9/30/2014,Underground & DLR,110.869658
5,2014,31,9/30/2014,Underground & DLR,105.429246
6,2014,30,9/30/2014,Underground & DLR,101.32658
7,2014,31,12/31/2014,Underground & DLR,112.790141
8,2014,31,12/31/2014,Underground & DLR,117.76628
9,2014,30,12/31/2014,Underground & DLR,120.340441
10,2014,31,3/31/2015,Underground & DLR,93.940822
11,2014,30,3/31/2015,Underground & DLR,108.775243
12,2014,31,3/31/2015,Underground & DLR,114.745201
1,2015,31,6/30/2015,Underground & DLR,123.854862
2,2015,28,6/30/2015,Underground & DLR,110.936398
3,2015,31,6/30/2015,Underground & DLR,114.905598
4,2015,30,9/30/2015,Underground & DLR,110.305738
5,2015,31,9/30/2015,Underground & DLR,103.520224
6,2015,30,9/30/2015,Underground & DLR,106.33575
7,2015,31,12/31/2015,Underground & DLR,121.262624
8,2015,31,12/31/2015,Underground & DLR,121.557055
9,2015,30,12/31/2015,Underground & DLR,123.446096
10,2015,31,3/31/2016,Underground & DLR,92.48038
11,2015,30,3/31/2016,Underground & DLR,116.094103
12,2015,31,3/31/2016,Underground & DLR,118.764537
1,2016,31,6/30/2016,Underground & DLR,124.532292
2,2016,29,6/30/2016,Underground & DLR,115.246411
3,2016,31,6/30/2016,Underground & DLR,113.418753
4,2016,30,9/30/2016,Underground & DLR,118.431455
5,2016,31,9/30/2016,Underground & DLR,110.056502
6,2016,30,9/30/2016,Underground & DLR,107.509383
7,2016,31,12/31/2016,Underground & DLR,120.007953
8,2016,31,12/31/2016,Underground & DLR,122.670047
9,2016,30,12/31/2016,Underground & DLR,126.716029
10,2016,31,3/31/2017,Underground & DLR,96.576486
11,2016,30,3/31/2017,Underground & DLR,111.459421
12,2016,31,3/31/2017,Underground & DLR,118.016268
1,2017,31,6/30/2017,Underground & DLR,114.270657
2,2017,28,6/30/2017,Underground & DLR,115.492774
3,2017,31,6/30/2017,Underground & DLR,110.764295
4,2017,30,9/30/2017,Underground & DLR,118.545263
5,2017,31,9/30/2017,Underground & DLR,110.19564
6,2017,30,9/30/2017,Underground & DLR,105.090891
7,2017,31,12/31/2017,Underground & DLR,118.208597
8,2017,31,12/31/2017,Underground & DLR,120.466421
9,2017,30,12/31/2017,Underground & DLR,124.902346
10,2017,31,3/31/2018,Underground & DLR,95.106804
11,2017,30,3/31/2018,Underground & DLR,114.734579
12,2017,31,3/31/2018,Underground & DLR,114.511973
1,2018,31,6/30/2018,Underground & DLR,112.911408
2,2018,28,6/30/2018,Underground & DLR,115.311919
3,2018,31,6/30/2018,Underground & DLR,113.616628
4,2018,30,9/30/2018,Underground & DLR,118.68207
5,2018,31,9/30/2018,Underground & DLR,109.324493
6,2018,30,9/30/2018,Underground & DLR,106.126856
7,2018,31,12/31/2018,Underground & DLR,119.449916
8,2018,31,12/31/2018,Underground & DLR,122.842765
9,2018,30,12/31/2018,Underground & DLR,128.155995
10,2018,31,3/31/2019,Underground & DLR,99.403859
11,2018,30,3/31/2019,Underground & DLR,116.048843
12,2018,31,3/31/2019,Underground & DLR,120.541387
1,2019,31,6/30/2019,Underground & DLR,110.027278
2,2019,28,6/30/2019,Underground & DLR,115.845743
3,2019,31,6/30/2019,Underground & DLR,117.267721
4,2019,30,9/30/2019,Underground & DLR,121.383085
5,2019,31,9/30/2019,Underground & DLR,112.115159
6,2019,30,9/30/2019,Underground & DLR,108.126694
7,2019,31,12/31/2019,Underground & DLR,121.774112
8,2019,31,12/31/2019,Underground & DLR,123.235676
9,2019,30,12/31/2019,Underground & DLR,127.3912
10,2019,31,3/31/2020,Underground & DLR,98.713015
11,2019,30,3/31/2020,Underground & DLR,115.035966
12,2019,31,3/31/2020,Underground & DLR,115.52339
1,2020,31,6/30/2020,Underground & DLR,6.950757
2,2020,29,6/30/2020,Underground & DLR,8.041099
3,2020,31,6/30/2020,Underground & DLR,15.440623
4,2020,30,9/30/2020,Underground & DLR,25.160604
5,2020,31,9/30/2020,Underground & DLR,32.354507
6,2020,30,9/30/2020,Underground & DLR,40.481659
7,2020,31,12/31/2020,Underground & DLR,43.960234
8,2020,31,12/31/2020,Underground & DLR,37.812272
9,2020,30,12/31/2020,Underground & DLR,36.13152
10,2020,31,3/31/2021,Underground & DLR,21.571239
11,2020,30,3/31/2021,Underground & DLR,19.413063
12,2020,31,3/31/2021,Underground & DLR,22.861739
1,2021,31,6/30/2021,Underground & DLR,42.264037
2,2021,28,6/30/2021,Underground & DLR,47.467834
3,2021,31,6/30/2021,Underground & DLR,54.123938
4,2021,30,9/30/2021,Underground & DLR,54.948535
5,2021,31,9/30/2021,Underground & DLR,57.120255
6,2021,30,9/30/2021,Underground & DLR,64.109971
7,2021,31,12/31/2021,Underground & DLR,76.821036
8,2021,31,12/31/2021,Underground & DLR,80.853944
9,2021,30,12/31/2021,Underground & DLR,82.786471
10,2021,31,3/31/2022,Underground & DLR,49.910202
11,2021,30,3/31/2022,Underground & DLR,66.107118
12,2021,31,3/31/2022,Underground & DLR,71.939205
1,2022,31,6/30/2022,Underground & DLR,86.302684
2,2022,28,6/30/2022,Underground & DLR,87.75874
3,2022,31,6/30/2022,Underground & DLR,78.384852
4,2022,30,9/30/2022,Underground & DLR,87.779074
5,2022,31,9/30/2022,Underground & DLR,80.317456
6,2022,30,9/30/2022,Underground & DLR,86.081415
7,2022,31,12/31/2022,Underground & DLR,95.773073
8,2022,31,12/31/2022,Underground & DLR,95.31414
9,2022,30,12/31/2022,Underground & DLR,102.666916
10,2022,31,3/31/2023,Underground & DLR,74.262699
11,2022,30,3/31/2023,Underground & DLR,92.618811
12,2022,31,3/31/2023,Underground & DLR,97.599149
5,2010,31,9/30/2010,Bus,160.422767
10,2010,31,3/31/2011,Bus,140.051899
5,2011,31,9/30/2011,Bus,161.06508
10,2011,31,3/31/2012,Bus,151.192029
10,2012,31,3/31/2013,Bus,151.936327
10,2013,31,3/31/2014,Bus,155.130408
1,2014,31,6/30/2014,Bus,164.112898
10,2014,31,3/31/2015,Bus,156.804246
5,2015,31,9/30/2015,Bus,162.292765
10,2015,31,3/31/2016,Bus,147.103923
5,2016,31,9/30/2016,Bus,155.321431
10,2016,31,3/31/2017,Bus,145.754936
5,2017,31,9/30/2017,Bus,155.101885
10,2017,31,3/31/2018,Bus,145.061734
5,2018,31,9/30/2018,Bus,151.501564
6,2018,30,9/30/2018,Bus,162.128235
10,2018,31,3/31/2019,Bus,144.857876
1,2019,31,6/30/2019,Bus,156.63758
5,2019,31,9/30/2019,Bus,149.823237
6,2019,30,9/30/2019,Bus,159.778183
10,2019,31,3/31/2020,Bus,140.987997
1,2020,31,6/30/2020,Bus,30.223736
2,2020,29,6/30/2020,Bus,32.467243
3,2020,31,6/30/2020,Bus,46.95952
4,2020,30,9/30/2020,Bus,66.665795
5,2020,31,9/30/2020,Bus,75.17396
6,2020,30,9/30/2020,Bus,94.761444
7,2020,31,12/31/2020,Bus,101.975027
8,2020,31,12/31/2020,Bus,88.855237
9,2020,30,12/31/2020,Bus,88.994047
10,2020,31,3/31/2021,Bus,57.480443
11,2020,30,3/31/2021,Bus,51.6228
12,2020,31,3/31/2021,Bus,56.893297
1,2021,31,6/30/2021,Bus,95.913984
2,2021,28,6/30/2021,Bus,104.286239
3,2021,31,6/30/2021,Bus,106.978246
4,2021,30,9/30/2021,Bus,109.135795
5,2021,31,9/30/2021,Bus,98.814424
6,2021,30,9/30/2021,Bus,115.528525
7,2021,31,12/31/2021,Bus,130.157495
8,2021,31,12/31/2021,Bus,125.376197
9,2021,30,12/31/2021,Bus,131.343507
10,2021,31,3/31/2022,Bus,95.134172
11,2021,30,3/31/2022,Bus,123.506504
12,2021,31,3/31/2022,Bus,127.78333
1,2022,31,6/30/2022,Bus,134.987555
2,2022,28,6/30/2022,Bus,140.467437
3,2022,31,6/30/2022,Bus,138.032873
4,2022,30,9/30/2022,Bus,137.808342
5,2022,31,9/30/2022,Bus,122.463605
6,2022,30,9/30/2022,Bus,132.881525
7,2022,31,12/31/2022,Bus,146.954484
8,2022,31,12/31/2022,Bus,143.104555
9,2022,30,12/31/2022,Bus,145.995319
10,2022,31,3/31/2023,Bus,116.91179
11,2022,30,3/31/2023,Bus,141.285241
12,2022,31,3/31/2023,Bus,141.602073
1,2010,31,6/30/2010,Tram,2.287784
2,2010,28,6/30/2010,Tram,2.15479
3,2010,31,6/30/2010,Tram,2.129122
4,2010,30,9/30/2010,Tram,2.141941
5,2010,31,9/30/2010,Tram,2.008482
6,2010,30,9/30/2010,Tram,2.026747
7,2010,31,12/31/2010,Tram,2.272737
8,2010,31,12/31/2010,Tram,2.205048
9,2010,30,12/31/2010,Tram,2.294527
10,2010,31,3/31/2011,Tram,1.849147
11,2010,30,3/31/2011,Tram,2.140724
12,2010,31,3/31/2011,Tram,2.222113
1,2011,31,6/30/2011,Tram,2.112539
2,2011,28,6/30/2011,Tram,2.243446
3,2011,31,6/30/2011,Tram,2.207762
4,2011,30,9/30/2011,Tram,2.282373
5,2011,31,9/30/2011,Tram,1.925193
6,2011,30,9/30/2011,Tram,2.149924
7,2011,31,12/31/2011,Tram,2.364217
8,2011,31,12/31/2011,Tram,2.308021
9,2011,30,12/31/2011,Tram,2.396722
10,2011,31,3/31/2012,Tram,1.92691
11,2011,30,3/31/2012,Tram,2.249438
12,2011,31,3/31/2012,Tram,2.028529
1,2012,31,6/30/2012,Tram,2.148611
2,2012,29,6/30/2012,Tram,2.338405
3,2012,31,6/30/2012,Tram,2.177143
4,2012,30,9/30/2012,Tram,2.489121
5,2012,31,9/30/2012,Tram,2.328188
6,2012,30,9/30/2012,Tram,2.35006
7,2012,31,12/31/2012,Tram,2.49707
8,2012,31,12/31/2012,Tram,2.172291
9,2012,30,12/31/2012,Tram,2.463386
10,2012,31,3/31/2013,Tram,2.038858
11,2012,30,3/31/2013,Tram,2.31297
12,2012,31,3/31/2013,Tram,2.357241
1,2013,31,6/30/2013,Tram,2.28578
2,2013,28,6/30/2013,Tram,2.471114
3,2013,31,6/30/2013,Tram,2.384662
4,2013,30,9/30/2013,Tram,2.520669
5,2013,31,9/30/2013,Tram,2.241318
6,2013,30,9/30/2013,Tram,2.035954
7,2013,31,12/31/2013,Tram,2.59011
8,2013,31,12/31/2013,Tram,2.444683
9,2013,30,12/31/2013,Tram,2.568597
10,2013,31,3/31/2014,Tram,2.033851
11,2013,30,3/31/2014,Tram,2.447911
12,2013,31,3/31/2014,Tram,2.43356
1,2014,31,6/30/2014,Tram,2.242394
2,2014,28,6/30/2014,Tram,2.358107
3,2014,31,6/30/2014,Tram,2.288241
4,2014,30,9/30/2014,Tram,2.472438
5,2014,31,9/30/2014,Tram,1.966044
6,2014,30,9/30/2014,Tram,2.257143
7,2014,31,12/31/2014,Tram,2.638906
8,2014,31,12/31/2014,Tram,2.408685
9,2014,30,12/31/2014,Tram,2.59732
10,2014,31,3/31/2015,Tram,2.08492
11,2014,30,3/31/2015,Tram,2.437837
12,2014,31,3/31/2015,Tram,2.448465
1,2015,31,6/30/2015,Tram,2.085206
2,2015,28,6/30/2015,Tram,2.009069
3,2015,31,6/30/2015,Tram,2.111567
4,2015,30,9/30/2015,Tram,2.174068
5,2015,31,9/30/2015,Tram,1.846514
6,2015,30,9/30/2015,Tram,2.025645
7,2015,31,12/31/2015,Tram,2.200561
8,2015,31,12/31/2015,Tram,2.16637
9,2015,30,12/31/2015,Tram,2.25369
10,2015,31,3/31/2016,Tram,1.848881
11,2015,30,3/31/2016,Tram,2.133402
12,2015,31,3/31/2016,Tram,2.231009
1,2016,31,6/30/2016,Tram,2.392991
2,2016,29,6/30/2016,Tram,2.381151
3,2016,31,6/30/2016,Tram,2.309534
4,2016,30,9/30/2016,Tram,2.439135
5,2016,31,9/30/2016,Tram,1.813009
6,2016,30,9/30/2016,Tram,2.244758
7,2016,31,12/31/2016,Tram,2.518968
8,2016,31,12/31/2016,Tram,2.219801
9,2016,30,12/31/2016,Tram,2.123297
10,2016,31,3/31/2017,Tram,2.08424
11,2016,30,3/31/2017,Tram,2.408325
12,2016,31,3/31/2017,Tram,2.206987
1,2017,31,6/30/2017,Tram,2.133444
2,2017,28,6/30/2017,Tram,2.259734
3,2017,31,6/30/2017,Tram,2.227333
4,2017,30,9/30/2017,Tram,2.366947
5,2017,31,9/30/2017,Tram,2.060928
6,2017,30,9/30/2017,Tram,2.207812
7,2017,31,12/31/2017,Tram,2.53575
8,2017,31,12/31/2017,Tram,2.323729
9,2017,30,12/31/2017,Tram,2.434063
10,2017,31,3/31/2018,Tram,1.938765
11,2017,30,3/31/2018,Tram,2.241397
12,2017,31,3/31/2018,Tram,2.165874
1,2018,31,6/30/2018,Tram,1.930794
2,2018,28,6/30/2018,Tram,2.347234
3,2018,31,6/30/2018,Tram,2.271672
4,2018,30,9/30/2018,Tram,2.357244
5,2018,31,9/30/2018,Tram,2.063891
6,2018,30,9/30/2018,Tram,2.205294
7,2018,31,12/31/2018,Tram,2.397661
8,2018,31,12/31/2018,Tram,2.321038
9,2018,30,12/31/2018,Tram,2.355075
10,2018,31,3/31/2019,Tram,1.855492
11,2018,30,3/31/2019,Tram,2.221696
12,2018,31,3/31/2019,Tram,2.175777
1,2019,31,6/30/2019,Tram,1.974102
2,2019,28,6/30/2019,Tram,2.15941
3,2019,31,6/30/2019,Tram,2.229807
4,2019,30,9/30/2019,Tram,2.318362
5,2019,31,9/30/2019,Tram,2.006081
6,2019,30,9/30/2019,Tram,1.647323
7,2019,31,12/31/2019,Tram,2.307973
8,2019,31,12/31/2019,Tram,2.20184
9,2019,30,12/31/2019,Tram,2.315898
10,2019,31,3/31/2020,Tram,1.909165
11,2019,30,3/31/2020,Tram,2.306803
12,2019,31,3/31/2020,Tram,2.196718
1,2020,31,6/30/2020,Tram,0.440934
2,2020,29,6/30/2020,Tram,0.470811
3,2020,31,6/30/2020,Tram,0.704707
4,2020,30,9/30/2020,Tram,1.000114
5,2020,31,9/30/2020,Tram,1.038424
6,2020,30,9/30/2020,Tram,1.217864
7,2020,31,12/31/2020,Tram,1.386815
8,2020,31,12/31/2020,Tram,1.027393
9,2020,30,12/31/2020,Tram,1.130222
10,2020,31,3/31/2021,Tram,0.738954
11,2020,30,3/31/2021,Tram,0.668001
12,2020,31,3/31/2021,Tram,0.772059
1,2021,31,6/30/2021,Tram,1.259912
2,2021,28,6/30/2021,Tram,1.48081
3,2021,31,6/30/2021,Tram,1.495872
4,2021,30,9/30/2021,Tram,1.502612
5,2021,31,9/30/2021,Tram,1.266968
6,2021,30,9/30/2021,Tram,1.238905
7,2021,31,12/31/2021,Tram,1.677421
8,2021,31,12/31/2021,Tram,1.664439
9,2021,30,12/31/2021,Tram,1.556499
10,2021,31,3/31/2022,Tram,1.243865
11,2021,30,3/31/2022,Tram,1.608317
12,2021,31,3/31/2022,Tram,1.406887
1,2022,31,6/30/2022,Tram,1.58005
2,2022,28,6/30/2022,Tram,1.790681
3,2022,31,6/30/2022,Tram,1.745496
4,2022,30,9/30/2022,Tram,1.469557
5,2022,31,9/30/2022,Tram,1.544547
6,2022,30,9/30/2022,Tram,1.453776
7,2022,31,12/31/2022,Tram,1.641061
8,2022,31,12/31/2022,Tram,1.690798
9,2022,30,12/31/2022,Tram,1.602802
10,2022,31,3/31/2023,Tram,1.295158
11,2022,30,3/31/2023,Tram,1.783316
12,2022,31,3/31/2023,Tram,1.633231
8,2010,31,12/31/2010,Overground,5.634585
9,2010,30,12/31/2010,Overground,5.437621
10,2010,31,3/31/2011,Overground,3.482652
11,2010,30,3/31/2011,Overground,5.243923
12,2010,31,3/31/2011,Overground,5.154637
1,2011,31,6/30/2011,Overground,6.255827
2,2011,28,6/30/2011,Overground,6.435434
3,2011,31,6/30/2011,Overground,6.939514
4,2011,30,9/30/2011,Overground,7.583551
5,2011,31,9/30/2011,Overground,7.652666
6,2011,30,9/30/2011,Overground,7.681396
7,2011,31,12/31/2011,Overground,8.698969
8,2011,31,12/31/2011,Overground,8.80209
9,2011,30,12/31/2011,Overground,9.017742
10,2011,31,3/31/2012,Overground,6.882365
11,2011,30,3/31/2012,Overground,8.70178
12,2011,31,3/31/2012,Overground,8.816425
1,2012,31,6/30/2012,Overground,8.530067
2,2012,29,6/30/2012,Overground,8.870131
3,2012,31,6/30/2012,Overground,8.56823
4,2012,30,9/30/2012,Overground,8.871851
5,2012,31,9/30/2012,Overground,10.506406
6,2012,30,9/30/2012,Overground,9.82523
7,2012,31,12/31/2012,Overground,9.666575
8,2012,31,12/31/2012,Overground,9.847806
9,2012,30,12/31/2012,Overground,9.99186
10,2012,31,3/31/2013,Overground,8.214638
11,2012,30,3/31/2013,Overground,10.186132
12,2012,31,3/31/2013,Overground,10.737867
1,2013,31,6/30/2013,Overground,10.274844
2,2013,28,6/30/2013,Overground,10.337912
3,2013,31,6/30/2013,Overground,10.90388
4,2013,30,9/30/2013,Overground,11.320336
5,2013,31,9/30/2013,Overground,10.571593
6,2013,30,9/30/2013,Overground,10.357872
7,2013,31,12/31/2013,Overground,11.218359
8,2013,31,12/31/2013,Overground,9.589018
9,2013,30,12/31/2013,Overground,10.628703
10,2013,31,3/31/2014,Overground,8.142001
11,2013,30,3/31/2014,Overground,10.307135
12,2013,31,3/31/2014,Overground,10.807977
1,2014,31,6/30/2014,Overground,9.721182
2,2014,28,6/30/2014,Overground,10.535276
3,2014,31,6/30/2014,Overground,10.494669
4,2014,30,9/30/2014,Overground,10.775637
5,2014,31,9/30/2014,Overground,10.646182
6,2014,30,9/30/2014,Overground,10.819556
7,2014,31,12/31/2014,Overground,10.843662
8,2014,31,12/31/2014,Overground,11.045388
9,2014,30,12/31/2014,Overground,11.230388
10,2014,31,3/31/2015,Overground,8.668505
11,2014,30,3/31/2015,Overground,11.354793
12,2014,31,3/31/2015,Overground,11.087398
1,2015,31,6/30/2015,Overground,13.323891
2,2015,28,6/30/2015,Overground,11.817183
3,2015,31,6/30/2015,Overground,14.681606
4,2015,30,9/30/2015,Overground,14.869333
5,2015,31,9/30/2015,Overground,13.763911
6,2015,30,9/30/2015,Overground,13.939371
7,2015,31,12/31/2015,Overground,15.651571
8,2015,31,12/31/2015,Overground,15.538986
9,2015,30,12/31/2015,Overground,15.753193
10,2015,31,3/31/2016,Overground,11.313666
11,2015,30,3/31/2016,Overground,15.391865
12,2015,31,3/31/2016,Overground,14.498893
1,2016,31,6/30/2016,Overground,15.645362
2,2016,29,6/30/2016,Overground,14.432778
3,2016,31,6/30/2016,Overground,13.777929
4,2016,30,9/30/2016,Overground,14.132026
5,2016,31,9/30/2016,Overground,13.742828
6,2016,30,9/30/2016,Overground,14.188521
7,2016,31,12/31/2016,Overground,15.236703
8,2016,31,12/31/2016,Overground,15.43628
9,2016,30,12/31/2016,Overground,15.696996
10,2016,31,3/31/2017,Overground,11.982085
11,2016,30,3/31/2017,Overground,14.839989
12,2016,31,3/31/2017,Overground,14.610837
1,2017,31,6/30/2017,Overground,14.72111
2,2017,28,6/30/2017,Overground,14.834563
3,2017,31,6/30/2017,Overground,14.387616
4,2017,30,9/30/2017,Overground,14.989891
5,2017,31,9/30/2017,Overground,14.441328
6,2017,30,9/30/2017,Overground,14.548481
7,2017,31,12/31/2017,Overground,15.599061
8,2017,31,12/31/2017,Overground,15.442757
9,2017,30,12/31/2017,Overground,15.510434
10,2017,31,3/31/2018,Overground,11.555728
11,2017,30,3/31/2018,Overground,14.820537
12,2017,31,3/31/2018,Overground,14.130581
1,2018,31,6/30/2018,Overground,14.687614
2,2018,28,6/30/2018,Overground,14.417985
3,2018,31,6/30/2018,Overground,14.255903
4,2018,30,9/30/2018,Overground,14.836638
5,2018,31,9/30/2018,Overground,14.041672
6,2018,30,9/30/2018,Overground,14.149258
7,2018,31,12/31/2018,Overground,15.808765
8,2018,31,12/31/2018,Overground,15.632944
9,2018,30,12/31/2018,Overground,15.592873
10,2018,31,3/31/2019,Overground,11.582781
11,2018,30,3/31/2019,Overground,14.471524
12,2018,31,3/31/2019,Overground,14.408725
1,2019,31,6/30/2019,Overground,13.882919
2,2019,28,6/30/2019,Overground,14.156963
3,2019,31,6/30/2019,Overground,13.79133
4,2019,30,9/30/2019,Overground,14.831991
5,2019,31,9/30/2019,Overground,12.948718
6,2019,30,9/30/2019,Overground,13.52312
7,2019,31,12/31/2019,Overground,17.820632
8,2019,31,12/31/2019,Overground,17.108287
9,2019,30,12/31/2019,Overground,15.831407
10,2019,31,3/31/2020,Overground,10.587198
11,2019,30,3/31/2020,Overground,14.056911
12,2019,31,3/31/2020,Overground,15.608205
1,2020,31,6/30/2020,Overground,0.999693
2,2020,29,6/30/2020,Overground,1.49189
3,2020,31,6/30/2020,Overground,2.797744
4,2020,30,9/30/2020,Overground,4.490086
5,2020,31,9/30/2020,Overground,5.073182
6,2020,30,9/30/2020,Overground,6.61932
7,2020,31,12/31/2020,Overground,8.455669
8,2020,31,12/31/2020,Overground,7.080423
9,2020,30,12/31/2020,Overground,6.613821
10,2020,31,3/31/2021,Overground,3.192938
11,2020,30,3/31/2021,Overground,3.499736
12,2020,31,3/31/2021,Overground,4.38365
1,2021,31,6/30/2021,Overground,8.647542
2,2021,28,6/30/2021,Overground,7.686088
3,2021,31,6/30/2021,Overground,7.777897
4,2021,30,9/30/2021,Overground,10.147642
5,2021,31,9/30/2021,Overground,8.574371
6,2021,30,9/30/2021,Overground,10.599299
7,2021,31,12/31/2021,Overground,12.473504
8,2021,31,12/31/2021,Overground,11.586838
9,2021,30,12/31/2021,Overground,12.207105
10,2021,31,3/31/2022,Overground,6.727379
11,2021,30,3/31/2022,Overground,9.968768
12,2021,31,3/31/2022,Overground,10.682085
1,2022,31,6/30/2022,Overground,11.975279
2,2022,28,6/30/2022,Overground,12.887864
3,2022,31,6/30/2022,Overground,11.083863
4,2022,30,9/30/2022,Overground,12.505527
5,2022,31,9/30/2022,Overground,10.024453
6,2022,30,9/30/2022,Overground,12.302044
7,2022,31,12/31/2022,Overground,12.475757
8,2022,31,12/31/2022,Overground,13.251917
9,2022,30,12/31/2022,Overground,13.990231
10,2022,31,3/31/2023,Overground,6.868347
11,2022,30,3/31/2023,Overground,13.1369
12,2022,31,3/31/2023,Overground,13.364324
4,2012,30,9/30/2012,Emirates Airline,0.236025
5,2012,31,9/30/2012,Emirates Airline,0.534218
6,2012,30,9/30/2012,Emirates Airline,0.381347
7,2012,31,12/31/2012,Emirates Airline,0.163217
8,2012,31,12/31/2012,Emirates Airline,0.181075
9,2012,30,12/31/2012,Emirates Airline,0.119806
10,2012,31,3/31/2013,Emirates Airline,0.11049
11,2012,30,3/31/2013,Emirates Airline,0.072604
12,2012,31,3/31/2013,Emirates Airline,0.11707
1,2013,31,6/30/2013,Emirates Airline,0.138309
2,2013,28,6/30/2013,Emirates Airline,0.128717
3,2013,31,6/30/2013,Emirates Airline,0.141628
4,2013,30,9/30/2013,Emirates Airline,0.151723
5,2013,31,9/30/2013,Emirates Airline,0.194817
6,2013,30,9/30/2013,Emirates Airline,0.168135
7,2013,31,12/31/2013,Emirates Airline,0.104226
8,2013,31,12/31/2013,Emirates Airline,0.099083
9,2013,30,12/31/2013,Emirates Airline,0.076424
10,2013,31,3/31/2014,Emirates Airline,0.068595
11,2013,30,3/31/2014,Emirates Airline,0.067098
12,2013,31,3/31/2014,Emirates Airline,0.084601
1,2014,31,6/30/2014,Emirates Airline,0.144542
2,2014,28,6/30/2014,Emirates Airline,0.107946
3,2014,31,6/30/2014,Emirates Airline,0.133305
4,2014,30,9/30/2014,Emirates Airline,0.124303
5,2014,31,9/30/2014,Emirates Airline,0.178233
6,2014,30,9/30/2014,Emirates Airline,0.170343
7,2014,31,12/31/2014,Emirates Airline,0.112802
8,2014,31,12/31/2014,Emirates Airline,0.127104
9,2014,30,12/31/2014,Emirates Airline,0.090387
10,2014,31,3/31/2015,Emirates Airline,0.093527
11,2014,30,3/31/2015,Emirates Airline,0.074935
12,2014,31,3/31/2015,Emirates Airline,0.115311
1,2015,31,6/30/2015,Emirates Airline,0.163774
2,2015,28,6/30/2015,Emirates Airline,0.145261
3,2015,31,6/30/2015,Emirates Airline,0.12034
4,2015,30,9/30/2015,Emirates Airline,0.146784
5,2015,31,9/30/2015,Emirates Airline,0.192611
6,2015,30,9/30/2015,Emirates Airline,0.123068
7,2015,31,12/31/2015,Emirates Airline,0.118785
8,2015,31,12/31/2015,Emirates Airline,0.139655
9,2015,30,12/31/2015,Emirates Airline,0.052531
10,2015,31,3/31/2016,Emirates Airline,0.08393
11,2015,30,3/31/2016,Emirates Airline,0.074065
12,2015,31,3/31/2016,Emirates Airline,0.108914
1,2016,31,6/30/2016,Emirates Airline,0.140012
2,2016,29,6/30/2016,Emirates Airline,0.128866
3,2016,31,6/30/2016,Emirates Airline,0.112962
4,2016,30,9/30/2016,Emirates Airline,0.132425
5,2016,31,9/30/2016,Emirates Airline,0.182303
6,2016,30,9/30/2016,Emirates Airline,0.136297
7,2016,31,12/31/2016,Emirates Airline,0.099882
8,2016,31,12/31/2016,Emirates Airline,0.118994
9,2016,30,12/31/2016,Emirates Airline,0.080307
10,2016,31,3/31/2017,Emirates Airline,0.092992
11,2016,30,3/31/2017,Emirates Airline,0.07872
12,2016,31,3/31/2017,Emirates Airline,0.108992
1,2017,31,6/30/2017,Emirates Airline,0.155693
2,2017,28,6/30/2017,Emirates Airline,0.113402
3,2017,31,6/30/2017,Emirates Airline,0.113199
4,2017,30,9/30/2017,Emirates Airline,0.129216
5,2017,31,9/30/2017,Emirates Airline,0.179892
6,2017,30,9/30/2017,Emirates Airline,0.121204
7,2017,31,12/31/2017,Emirates Airline,0.097412
8,2017,31,12/31/2017,Emirates Airline,0.112178
9,2017,30,12/31/2017,Emirates Airline,0.075648
10,2017,31,3/31/2018,Emirates Airline,0.064841
11,2017,30,3/31/2018,Emirates Airline,0.065853
12,2017,31,3/31/2018,Emirates Airline,0.091732
1,2018,31,6/30/2018,Emirates Airline,0.120445
2,2018,28,6/30/2018,Emirates Airline,0.112407
3,2018,31,6/30/2018,Emirates Airline,0.111652
4,2018,30,9/30/2018,Emirates Airline,0.118382
5,2018,31,9/30/2018,Emirates Airline,0.156557
6,2018,30,9/30/2018,Emirates Airline,0.123294
7,2018,31,12/31/2018,Emirates Airline,0.089514
8,2018,31,12/31/2018,Emirates Airline,0.124189
9,2018,30,12/31/2018,Emirates Airline,0.072416
10,2018,31,3/31/2019,Emirates Airline,0.090213
11,2018,30,3/31/2019,Emirates Airline,0.063434
12,2018,31,3/31/2019,Emirates Airline,0.098609
1,2019,31,6/30/2019,Emirates Airline,0.113705
2,2019,28,6/30/2019,Emirates Airline,0.101827
3,2019,31,6/30/2019,Emirates Airline,0.111004
4,2019,30,9/30/2019,Emirates Airline,0.111299
5,2019,31,9/30/2019,Emirates Airline,0.140624
6,2019,30,9/30/2019,Emirates Airline,0.132138
7,2019,31,12/31/2019,Emirates Airline,0.08751
8,2019,31,12/31/2019,Emirates Airline,0.104711
9,2019,30,12/31/2019,Emirates Airline,0.075864
10,2019,31,3/31/2020,Emirates Airline,0.086786
11,2019,30,3/31/2020,Emirates Airline,0.060013
12,2019,31,3/31/2020,Emirates Airline,0.061136
1,2020,31,6/30/2020,Emirates Airline,0.000169
2,2020,29,6/30/2020,Emirates Airline,0.004978
3,2020,31,6/30/2020,Emirates Airline,0.015716
4,2020,30,9/30/2020,Emirates Airline,0.030059
5,2020,31,9/30/2020,Emirates Airline,0.060884
6,2020,30,9/30/2020,Emirates Airline,0.062419
7,2020,31,12/31/2020,Emirates Airline,0.039569
8,2020,31,12/31/2020,Emirates Airline,0.033097
9,2020,30,12/31/2020,Emirates Airline,0.02052
10,2020,31,3/31/2021,Emirates Airline,0.029085
11,2020,30,3/31/2021,Emirates Airline,0.018906
12,2020,31,3/31/2021,Emirates Airline,0.050903
1,2021,31,6/30/2021,Emirates Airline,0.145264
2,2021,28,6/30/2021,Emirates Airline,0.056832
3,2021,31,6/30/2021,Emirates Airline,0.112039
4,2021,30,9/30/2021,Emirates Airline,0.104728
5,2021,31,9/30/2021,Emirates Airline,0.18938
6,2021,30,9/30/2021,Emirates Airline,0.163673
7,2021,31,12/31/2021,Emirates Airline,0.096853
8,2021,31,12/31/2021,Emirates Airline,0.117665
9,2021,30,12/31/2021,Emirates Airline,0.073496
10,2021,31,3/31/2022,Emirates Airline,0.093056
11,2021,30,3/31/2022,Emirates Airline,0.063676
12,2021,31,3/31/2022,Emirates Airline,0.082282
1,2022,31,6/30/2022,Emirates Airline,0.130421
2,2022,28,6/30/2022,Emirates Airline,0.116952
3,2022,31,6/30/2022,Emirates Airline,0.146054
4,2022,30,9/30/2022,Emirates Airline,0.128628
5,2022,31,9/30/2022,Emirates Airline,0.186278
6,2022,30,9/30/2022,Emirates Airline,0.149744
7,2022,31,12/31/2022,Emirates Airline,0.108961
8,2022,31,12/31/2022,Emirates Airline,0.121923
9,2022,30,12/31/2022,Emirates Airline,0.056559
10,2022,31,3/31/2023,Emirates Airline,0.095808
11,2022,30,3/31/2023,Emirates Airline,0.077991
12,2022,31,3/31/2023,Emirates Airline,0.116734
1,2014,31,6/30/2014,TfL Rail,2.854855
3,2015,31,6/30/2015,TfL Rail,3.619042
4,2015,30,9/30/2015,TfL Rail,3.774568
5,2015,31,9/30/2015,TfL Rail,3.670933
6,2015,30,9/30/2015,TfL Rail,3.733603
7,2015,31,12/31/2015,TfL Rail,4.143011
8,2015,31,12/31/2015,TfL Rail,4.15073
9,2015,30,12/31/2015,TfL Rail,4.179698
10,2015,31,3/31/2016,TfL Rail,2.964734
11,2015,30,3/31/2016,TfL Rail,3.767157
12,2015,31,3/31/2016,TfL Rail,3.234046
1,2016,31,6/30/2016,TfL Rail,3.998363
2,2016,29,6/30/2016,TfL Rail,3.69414
3,2016,31,6/30/2016,TfL Rail,3.508856
4,2016,30,9/30/2016,TfL Rail,3.808086
5,2016,31,9/30/2016,TfL Rail,3.588851
6,2016,30,9/30/2016,TfL Rail,3.469032
7,2016,31,12/31/2016,TfL Rail,3.738489
8,2016,31,12/31/2016,TfL Rail,3.826849
9,2016,30,12/31/2016,TfL Rail,4.011194
10,2016,31,3/31/2017,TfL Rail,3.324919
11,2016,30,3/31/2017,TfL Rail,3.768952
12,2016,31,3/31/2017,TfL Rail,3.586701
1,2017,31,6/30/2017,TfL Rail,3.290075
2,2017,28,6/30/2017,TfL Rail,3.516488
3,2017,31,6/30/2017,TfL Rail,3.380908
4,2017,30,9/30/2017,TfL Rail,3.708985
5,2017,31,9/30/2017,TfL Rail,3.465755
6,2017,30,9/30/2017,TfL Rail,3.295722
7,2017,31,12/31/2017,TfL Rail,3.838819
8,2017,31,12/31/2017,TfL Rail,3.734558
9,2017,30,12/31/2017,TfL Rail,3.878286
10,2017,31,3/31/2018,TfL Rail,2.872383
11,2017,30,3/31/2018,TfL Rail,3.676615
12,2017,31,3/31/2018,TfL Rail,3.379774
1,2018,31,6/30/2018,TfL Rail,3.546086
2,2018,28,6/30/2018,TfL Rail,3.678205
3,2018,31,6/30/2018,TfL Rail,4.167131
4,2018,30,9/30/2018,TfL Rail,4.478726
5,2018,31,9/30/2018,TfL Rail,4.104272
6,2018,30,9/30/2018,TfL Rail,4.140987
7,2018,31,12/31/2018,TfL Rail,4.722367
8,2018,31,12/31/2018,TfL Rail,4.684184
9,2018,30,12/31/2018,TfL Rail,4.626021
10,2018,31,3/31/2019,TfL Rail,3.859437
11,2018,30,3/31/2019,TfL Rail,4.56039
12,2018,31,3/31/2019,TfL Rail,4.397426
1,2019,31,6/30/2019,TfL Rail,4.323125
2,2019,28,6/30/2019,TfL Rail,4.478094
3,2019,31,6/30/2019,TfL Rail,4.38575
4,2019,30,9/30/2019,TfL Rail,4.628816
5,2019,31,9/30/2019,TfL Rail,4.281006
6,2019,30,9/30/2019,TfL Rail,4.260006
7,2019,31,12/31/2019,TfL Rail,4.861941
8,2019,31,12/31/2019,TfL Rail,4.895069
9,2019,30,12/31/2019,TfL Rail,4.963377
10,2019,31,3/31/2020,TfL Rail,4.346181
11,2019,30,3/31/2020,TfL Rail,5.668711
12,2019,31,3/31/2020,TfL Rail,5.240511
1,2020,31,6/30/2020,TfL Rail,0.594615
2,2020,29,6/30/2020,TfL Rail,0.700218
3,2020,31,6/30/2020,TfL Rail,1.158348
4,2020,30,9/30/2020,TfL Rail,1.636938
5,2020,31,9/30/2020,TfL Rail,1.951688
6,2020,30,9/30/2020,TfL Rail,2.221983
7,2020,31,12/31/2020,TfL Rail,2.478257
8,2020,31,12/31/2020,TfL Rail,2.123956
9,2020,30,12/31/2020,TfL Rail,2.07643
10,2020,31,3/31/2021,TfL Rail,1.218441
11,2020,30,3/31/2021,TfL Rail,1.154206
12,2020,31,3/31/2021,TfL Rail,1.363278
1,2021,31,6/30/2021,TfL Rail,2.120411
2,2021,28,6/30/2021,TfL Rail,2.312615
3,2021,31,6/30/2021,TfL Rail,2.714846
4,2021,30,9/30/2021,TfL Rail,2.806712
5,2021,31,9/30/2021,TfL Rail,2.8
6,2021,30,9/30/2021,TfL Rail,3.097643
7,2021,31,12/31/2021,TfL Rail,3.7
8,2021,31,12/31/2021,TfL Rail,3.7
9,2021,30,12/31/2021,TfL Rail,3.3
10,2021,31,3/31/2022,TfL Rail,2.4
11,2021,30,3/31/2022,TfL Rail,3.2
12,2021,31,3/31/2022,TfL Rail,3.1
1,2022,31,6/30/2022,TfL Rail,4.3747
2,2022,28,6/30/2022,TfL Rail,5.496774
3,2022,31,6/30/2022,TfL Rail,8.062123
4,2022,30,9/30/2022,TfL Rail,11.627377
5,2022,31,9/30/2022,TfL Rail,9.177708
6,2022,30,9/30/2022,TfL Rail,9.780669
7,2022,31,12/31/2022,TfL Rail,11.049603
8,2022,31,12/31/2022,TfL Rail,12.51585
9,2022,30,12/31/2022,TfL Rail,15.223201
10,2022,31,3/31/2023,TfL Rail,8.875033
11,2022,30,3/31/2023,TfL Rail,13.40484
12,2022,31,3/31/2023,TfL Rail,14.041961
